COACH	TEAM	RACE	LEAGUE	STATE	TIMEZONE
#420NOCHIN	Sassy Soviets	Kislev	BIG O	staying	Australia/Sydney
BrainOnSlugs	Poopy Smells	Nurgle	BIG O	staying	Asia/Seoul
Bush20089	SAFE MOVES FIRST	Orc	BIG O	staying	Australia/Brisbane
Cynergy	The Nurgtown Crooners	Nurgle	BIG O	staying	Australia/Perth
Darkness	Faces of 4chan	Nurgle	BIG O	staying	Australia/Sydney
DeezMFK	Drakkar's Dominators	Norse	BIG O	staying	America/Detroit
Djoolyurn	Never Swapping	Necromantic	BIG O	staying	Australia/Sydney
dsm2k1	My hopes and dreams	Dark Elf	BIG O	staying	Etc/GMT+8
Durteef Basha	Lazy Lounge Lizards UTD	Lizardman	BIG O	staying	Australia/Sydney
Findeco	Catastrophy	Chaos	BIG O	staying	Europe/London
gdaynick	TeenageMutantNinjaGoblins	Underworld	BIG O	staying	Australia/Melbourne
Haz1079	Rivendell Jets	High Elf	BIG O	staying	Australia/Sydney
HirumaMajere	Flying Rainbow Ponies	High Elf	BIG O	staying	Asia/Singapore
JamesTyphoon	The One True Path	Chaos	BIG O	staying	Canada/Pacific
JamusMcgamuS	The Rat Way To Go	Skaven	BIG O	staying	Pacific/Auckland
JapeNZ	Doomed Witches	Dark Elf	BIG O	staying	Pacific/Auckland
Krusader	Muten Roshi's Bear School	Kislev	BIG O	staying	Australia/Sydney
Lynxx	Capital Rats	Skaven	BIG O	staying	Australia/Sydney
Lyskaris	Warc Machine III	Orc	BIG O	staying	Australia/Perth
Miraskadu	TARDIS	Lizardman	BIG O	staying	Australia/Sydney
Morka	School of Dance	Wood Elf	BIG O	staying	Australia/Melbourne
Munkey Chunks	Old Hobart Honeybadgers	High Elf	BIG O	staying	Australia/Sydney
PapaNasty	Bash Incorporated	Orc	BIG O	staying	Asia/Bangkok
Razour Sharp	Liverfull	Dwarf	BIG O	staying	Australia/Victoria
Schlice	Ratfuckers United	Skaven	BIG O	staying	Australia/Canberra
Seriasssam	Leaping Lizardss	Lizardman	BIG O	staying	Australia/Brisbane
serj	The Scuffling Dead	Necromantic	BIG O	staying	Australia/Melbourne
Skyblue Monty	Monty's Tosspots	Halfling	BIG O	staying	Australia/Adelaide
Starkeweather	Bay Area Butchers	Human	BIG O	staying	Australia/Sydney
Tommo	The Arcana	Elf Union	BIG O	staying	Asia/Tokyo
Yabby69	Trump's Chumps	Nurgle	BIG O	staying	Australia/Adelaide
Zht Wu	Sôdai Senlin	Amazon	BIG O	staying	Asia/Taipei
anteaterreborn	Da Kahoonaz	Orc	BIG O	rerolling	Australia/Adelaide
Breac	Springfield '92	Underworld	BIG O	rerolling	Asia/Seoul
changl09	Fate: Grand Order	Bretonnia	BIG O	rerolling	Asia/Tokyo
Dazrix	Ice Kinks	Lizardman	BIG O	rerolling	Australia/Sydney
DestructionDarb	Celebrity Veg 2.0	Kislev	BIG O	rerolling	Australia/Sydney
g-doggidy	Cyrus's Viruses	Nurgle	BIG O	rerolling	Pacific/Auckland
liamcoulston	Fatal Mis-stakes	Vampire	BIG O	rerolling	Australia/Sydney
Pethorr	Gullenheim Doozebags	High Elf	BIG O	rerolling	Asia/Singapore
The Peacock	The Bizkit Rizkitz	Goblin	BIG O	rerolling	Asia/Seoul
TheUltimoBumm	Gods Of Fate	High Elf	BIG O	rerolling	Australia/Melbourne
Yasmir	Masters of the Underverce	Underworld	BIG O	rerolling	Australia/Sydney
Alpaca Rider	Bright Moon Poets	Necromantic	BIG O	new	Asia/Tokyo
Cat Attack Man	Fork Tonnes	Lizardman	BIG O	new	Australia/Melbourne
Chubberson	Windy City Frothlords	Norse	BIG O	new	Australia/Adelaide
Crypttos	Lecter's Brothers	Dark Elf	BIG O	new	Pacific/Auckland
eFTy	Children of Ymir	Dwarf	BIG O	new	Europe/Bucharest
Filippo91	Stronk Icebrakers	Norse	BIG O	new	Asia/Shanghai
Fyrs Yced	Saturday Nyght Femur	Undead	BIG O	new	Asia/Tokyo
Geoffro	Da Git Mob	Orc	BIG O	new	NZ
khazalid	elfin' around	Pro Elf	BIG O	new	Europe/London
Nubs11	Queens of the memes	Amazon	BIG O	new	Australia/Melbourne
Road Warrior	The Carroburg Comets	Human	BIG O	new	Australia/Sydney
Squiggy1981	ReBBRL Yell	Dark Elf	BIG O	new	Europe/London
Aldar	Pink Power Puftah	Necromantic	GMAN	staying	Europe/Copenhagen
Ambi Tanque	Definitely Not A Zoo	Underworld	GMAN	staying	Europe/Lisbon
Andorson	Pempelfort Parakeets	Chaos Dwarf	GMAN	staying	Europe/Berlin
antman	Fly Lord Servants	Nurgle	GMAN	staying	Europe/Brussels
Anubis2406	Crusaders of Caledor	High Elf	GMAN	staying	Europe/Berlin
Barmution	Death Then Dishonour	Necromantic	GMAN	staying	Europe/Oslo
BigEasyTP	Natty Dreads	Chaos Dwarf	GMAN	staying	Europe/London
Bleedinghippy	Snow White & the 6 Chorfs	Chaos Dwarf	GMAN	staying	Europe/London
BlissfulFire	Born to be wild!	Chaos	GMAN	staying	Europe/Amsterdam
Bärserk	Bash Buddies	Necromantic	GMAN	staying	Europe/Berlin
Chopzuya	Goros Mosh	Ogre	GMAN	staying	Europe/Paris
Cpt J Yossarian	Snot Battery	Ogre	GMAN	staying	Europe/London
Creatan	Mighty Reptiles	Lizardman	GMAN	staying	Europe/Helsinki
Crowdog09	Drop Dead Gore Juice	Necromantic	GMAN	staying	Europe/Dublin
Cyberknight	Victims of the Sun	Bretonnian	GMAN	staying	Europe/Berlin
Da Coach	Tumbling Dice	Wood Elf	GMAN	staying	Europe/London
Deadman78	Tall Dwarfs With No AV	Norse	GMAN	staying	Europe/London
Drace	Fyarstars	Chaos	GMAN	staying	Europe/Berlin
Dstorter	Every Game I'm Nufflin'	Skaven	GMAN	staying	Europe/London
Eezekyle	Really Old Kings	Bretonnian	GMAN	staying	Europe/Stockholm
ERR40	Bitten Heroes	Vampire	GMAN	staying	Europe/London
FalconMerc	Hollywood Martial Law	Kislev	GMAN	staying	Europe/London
FreddieGibbs	Da Big Mulligans!	Orc	GMAN	staying	Europe/Copenhagen
FullMetalCOS	Things that make ya go UH	Nurgle	GMAN	staying	Europe/London
Gaudi-Kun	Ravens Claws	Skaven	GMAN	staying	Europe/Madrid
Gerbear	Maybe orc will work	Orc	GMAN	staying	Asia/Jerusalem
Glordion	M.A.D. Commando	Nurgle	GMAN	staying	Europe/Bratislava
Gren Drake	Lizards From Dimension X	Lizardman	GMAN	staying	America/Vancouver
Harringzord	United Scarab Khemirates	Khemri	GMAN	staying	Europe/London
Hindi	Lounging Lizards!	Lizardman	GMAN	staying	Europe/Berlin
Hordemaster	Divine Light Templar	High Elf	GMAN	staying	Europe/London
Hoylerboy	Ready Lizard One	Lizardman	GMAN	staying	Europe/London
Hudd	Clawtimore Rams	Chaos	GMAN	staying	Europe/London
Hummersepp	Rockomotive Gitstompers	Amazon	GMAN	staying	Europe/Berlin
Huztler	Buff Men With Short Legs	Dwarf	GMAN	staying	Europe/Helsinki
InfinitePink	Infection Inc.	Nurgle	GMAN	staying	Europe/London
JimmyFantastic	TEAM FANTASTIC	Chaos	GMAN	staying	Europe/Berlin
karlosibz	Warpstone Sneaky Servants	Underworld	GMAN	staying	Europe/Madrid
Kejiruze	Prof Paresthesia's Pets	Necromantic	GMAN	staying	Europe/London
Kenn	Black & Wrecker	Chaos Dwarf	GMAN	staying	America/Halifax
king cann	Cold one Cannibals	Lizardman	GMAN	staying	Europe/London
Kummostern	RRMafia Mumblerats	Skaven	GMAN	staying	Europe/Helsinki
majorbyte	Âlve	Norse	GMAN	staying	Europe/Stockholm
Manus Atra	Da Waagh Tigerz	Orc	GMAN	staying	Europe/Berlin
maysey	Scholars of Ogrehampshire	Ogre	GMAN	staying	Europe/London
Mego	Picking Flowers	Chaos Dwarf	GMAN	staying	Europe/Athens
Missuh	<:3]~	Skaven	GMAN	staying	Europe/Madrid
mixtli	The Animals	Human	GMAN	staying	Europe/Madrid
Muppetillo	Skyriders CBB	Necromantic	GMAN	staying	Europe/Madrid
Nairoz	Subtle Gitz	Orc	GMAN	staying	Europe/London
Ninjabred Man	The Suffra-Jets	Amazon	GMAN	staying	Europe/London
OrganizedCrisis	Dazzle Whaaagstaz	Orc	GMAN	staying	Europe/Berlin
Palmu	Skelepuns Incorporated	Khemri	GMAN	staying	Europe/Helsinki
Philbo Baggins	Philbo's Phighting Phist	Orc	GMAN	staying	Europe/London
puppi	Orcs of Letters	Orc	GMAN	staying	Europe/Rome
pyroTJ	Back to square Juan	Wood Elf	GMAN	staying	Europe/London
Rama Set	The Voltrex Vanguard	High Elf	GMAN	staying	America/Toronto
randomboy987	Bloodsuckers inc.	Vampire	GMAN	staying	Europe/Helsinki
razta	Revenge of Power UP!	Chaos	GMAN	staying	Europe/Stockholm
Sardaor	Nurgle Nuggetz	Nurgle	GMAN	staying	Europe/London
Seanmantv	Primetime Nibblers	Skaven	GMAN	staying	Europe/Amsterdam
Skulls	16 Turns Of Headache	Dwarf	GMAN	staying	Europe/Zurich
Spartakus	Kingslayerzs	Underworld	GMAN	staying	Europe/Paris
Taanos	Mutated Meat Balls	Chaos Dwarf	GMAN	staying	Europe/Paris
the Sage	Slaanesh_Slaughterers	Chaos	GMAN	staying	Europe/Amsterdam
Thernlow	The Imperishable Four	Khemri	GMAN	staying	Europe/Oslo
TomasT	[G] Absolute Disaster	Dark Elf	GMAN	staying	Europe/Bratislava
Tyladrhas	Bloodthirsty Sea Guard	High Elf	GMAN	staying	Europe/Berlin
Venachar	High Sails	Wood Elf	GMAN	staying	Europe/Stockholm
Viajero	Squishy Conquistadors	Wood Elf	GMAN	staying	Europe/Copenhagen
waynefarer	Wolverine Wraiths	Necromantic	GMAN	staying	Europe/London
Weravem	Nurgle Murgle Ourgle	Nurgle	GMAN	staying	Europe/Berlin
Andy90	Dark Angels of Lilith	Dark Elf	GMAN	rerolling	Europe/Copenhagen
AndyDavo	Deadly Nightshade	Dark Elf	GMAN	rerolling	Europe/London
chilipopper	The Boro Boyz	Lizardman	GMAN	rerolling	Europe/London
Cracus	Gorgs War Boys	Orc	GMAN	rerolling	Europe/Copenhagen
CthulhuCollect	Sci-Fi Sauri	Lizardman	GMAN	rerolling	America/Chicago
Docmarc	[REBBL] Brutalia	Dwarf	GMAN	rerolling	Europe/Rome
Dreamifi	House Fiery Balls	Pro Elf	GMAN	rerolling	Europe/Stockholm
ftjust	Axe and the Crow United	Human	GMAN	rerolling	Europe/Stockholm
J.J. Cash	3Cash 3Crew: Revengening	Human	GMAN	rerolling	America/Chicago
jokse	Crystal Core Processer	Underworld	GMAN	rerolling	Europe/Copenhagen
Kiaoracrow	Tiny Long Tailed Bears	Skaven	GMAN	rerolling	Europe/London
Ladykilljoy	Jinny's sugardaddies	Dark Elf	GMAN	rerolling	Europe/Budapest
Lavajackal	Chosen of Papa Nurgle	Nurgle	GMAN	rerolling	Europe/London
LewishM	The Bloody NHS	Vampire	GMAN	rerolling	Europe/London
Luclazy	Totally Original Elves	Pro Elf	GMAN	rerolling	Europe/Berlin
mmcnaughton4	I HATE YASINDE!	High Elf	GMAN	rerolling	Europe/London
Moondingo	The Boondock Skinks	Lizardman	GMAN	rerolling	Europe/London
Mr Shady	Vices and Sin!	Dark Elf	GMAN	rerolling	Europe/Stockholm
Sti_Cazz	Chaotic Predatori	Chaos Dwarf	GMAN	rerolling	Europe/Rome
The Richest Tea	The Bonehead Bunch	Ogre	GMAN	rerolling	Europe/London
toastguy7	Interdeadmensional BS	Undead	GMAN	rerolling	America/Los_Angeles
Urist Mc Coach	Intellectual's Chaos	Chaos	GMAN	rerolling	Europe/London
urwendor	Urwendors requiem	Undead	GMAN	rerolling	Europe/Stockholm
vikingkop	Marvellous Mutants	Chaos	GMAN	rerolling	Europe/Berlin
Wrekd	Chaqua Lions	High Elf	GMAN	rerolling	Europe/Copenhagen
Alzir	The-Watch	Orc	GMAN	new	Europe/London
amodo	Guerrilla Roja	Skaven	GMAN	new	Europe/Madrid
Andybloodbath	Dark Deadly Dark Elves	Dark Elf	GMAN	new	Europe/London
ArcticAntarctic	Nuffle's Yellow Horns	Chaos	GMAN	new	Europe/London
Aromasin	Sneaky Blinders	Underworld	GMAN	new	Europe/London
Artemis Black	REBBL Monsters Universal	Necromantic	GMAN	new	Europe/London
Aviadros	Dawn of Eardestroyer	Undead	GMAN	new	Europe/Berlin
Bakingham	nurgle in the jungles	Nurgle	GMAN	new	Europe/Berlin
Brinnyunlimited	Ye Olde Crow Medicine Co.	Human	GMAN	new	Europe/London
Bufordtjustice	Crematorium crew	Undead	GMAN	new	Europe/London
Burner	Goblin lives matter	Underworld	GMAN	new	Europe/London
CDrake	Ain't Cold In The North	Norse	GMAN	new	Europe/Berlin
Chubstep_	Necro-Muppets	Necromantic	GMAN	new	Europe/London
cobranet	Bad dorfs reddit	Dwarf	GMAN	new	Europe/Belgrade
Daiosama	Burnside Boogeymen	Necromantic	GMAN	new	Europe/London
Darkusel	Morkalone Gym	Orc	GMAN	new	Europe/Madrid
Debtmonkey	Unaccompanied Minos	Chaos Dwarf	GMAN	new	America/Los_Angeles
DieWacht	The Taste of Music	Human	GMAN	new	Europe/Berlin
DRB25	Overpowered, Underdressed	Norse	GMAN	new	Europe/Budapest
DumbleDude	Ad Astra!	Wood Elf	GMAN	new	Europe/Berlin
Dyfnahk	Bilboko Bastarditos	Dark Elf	GMAN	new	Europe/Madrid
El_Duderino73	4 Stunned Dwarf Technik	Dark Elf	GMAN	new	Europe/London
FlyingTurtle	Regular Rovers	Human	GMAN	new	Europe/London
Gedi	Arkhan's Elites	Khemri	GMAN	new	Europe/Vilnius
Gonadic io	Dead MMOn Walking	Dark Elf	GMAN	new	Europe/London
Goraph	Neverlive	Undead	GMAN	new	Europe/Kiev
Grufff	Shock & Gore	Undead	GMAN	new	Europe/Oslo
grumplekins	X-Men in Tights	Nurgle	GMAN	new	Europe/Stockholm
HeroOfMythra	The Warlock Deck	Pro Elf	GMAN	new	Asia/Qatar
HLiNiC	Dirty Black Rats	Skaven	GMAN	new	Europe/Prague
jm82	Calm Warriors	Chaos	GMAN	new	Europe/London
Judas2AD	The Brighton Greed	Dark Elf	GMAN	new	Europe/London
Kanukki	Whisky Galore	Chaos	GMAN	new	Europe/Helsinki
Khornight	Bare Gills	Kislev	GMAN	new	Europe/London
Klique	Eldricht Ambrosia Runners	Underworld	GMAN	new	Europe/Stockholm
Kubusta	Sultans from Skull Palace	Kislev	GMAN	new	Europe/Prague
Laacis	[R] Friends	Chaos Dwarf	GMAN	new	Europe/Riga
Lhurgoyf	bilboko dead dancers	Necromantic	GMAN	new	Europe/Madrid
LitillStaralfur	Moody Woodpeckers	Wood Elf	GMAN	new	Europe/Paris
Lord Mortkin	Lukas' Tricksters	Norse	GMAN	new	Europe/Amsterdam
M0rtal	The Order of Knight Bowl	Bretonnia	GMAN	new	Europe/Bratislava
Magnus the Mad	Hakallestranda Bashers	Chaos Dwarf	GMAN	new	Europe/Oslo
Makali	innuendo Bingo	Orc	GMAN	new	Europe/London
Mark_B	The Unliving Daylights	Necromantic	GMAN	new	Europe/London
matchu666	DDU	Dark Elf	GMAN	new	Europe/Madrid
MattiaV96	Very Necromantic Necros	Necromantic	GMAN	new	Europe/Rome
mayhemzz22	Thorney Titans	Pro Elf	GMAN	new	Europe/London
MerijnZ1	Lords Of Israel	Bretonnia	GMAN	new	Europe/Amsterdam
PaoloB	Who Bat	Vampire	GMAN	new	Europe/London
Papillon47	Bert Space Bounty Hunters	Bretonnia	GMAN	new	Europe/Helsinki
Patopotamo2	Errekako Usaintzuak	Nurgle	GMAN	new	Europe/London
Pete	[GMAN] Don't mess with us	Dark Elf	GMAN	new	Europe/Copenhagen
Pinosaurus	Ratskin Cracker Wreckerz	Skaven	GMAN	new	Europe/Berlin
PositronMike	Questing for the Cup	Bretonnia	GMAN	new	Europe/London
powod	Badlands Fairies	Orc	GMAN	new	Europe/Warsaw
Preswylfa	Last at the disco	Dark Elf	GMAN	new	Europe/London
Ramhard	Memeland Bashers	Chaos Dwarf	GMAN	new	Europe/London
Raneklint	F(r)iends	Norse	GMAN	new	Europe/Stockholm
Ravers	My Brothers Enbalmed	Khemri	GMAN	new	Europe/London
Raxyael	Sghenzi di Legno	Wood Elf	GMAN	new	Europe/Rome
Ricky_titan	Deustuko Chorfs	Chaos Dwarf	GMAN	new	Europe/Madrid
Sandland	Knights Saying Ni	Bretonnia	GMAN	new	Europe/Berlin
Scytalen	All Rats must DIE	Skaven	GMAN	new	Europe/Berlin
Sliceanddice	Elm Street Boys	Necromantic	GMAN	new	Europe/Warsaw
Soulforged	Bloody Mary Queens	High Elf	GMAN	new	Europe/Madrid
Steave	Samoa	Chaos	GMAN	new	Europe/Stockholm
Sunbather	Sunbo's Flying Troupe	Kislev	GMAN	new	Europe/Budapest
The_Beast	Train of Pain	Lizardman	GMAN	new	Europe/Berlin
TheDrNick	Play on the Music	Chaos Dwarf	GMAN	new	Europe/London
theshinebox	Xeebob's Xandalators	Khemri	GMAN	new	Europe/London
TheSir	Mahrak Marauders	Khemri	GMAN	new	Europe/Stockholm
TragoMills	End of Daze	Chaos	GMAN	new	Europe/London
Triago	Edgy Stunties	Chaos Dwarf	GMAN	new	Europe/Lisbon
Uriel123	Darkwold Hunters	Necromantic	GMAN	new	Europe/Brussels
Villeynich	Homeopathology	Dark Elf	GMAN	new	Europe/Amsterdam
Watchtower	Jungler Beats	Amazon	GMAN	new	Europe/London
Wilkie	The Winds of Chamon II	Human	GMAN	new	Europe/London
Xtrem	Quiguanas	Lizardman	GMAN	new	Europe/London
Zsinj	Seven Circles	Chaos	GMAN	new	Europe/London
Zunk	Gorkacidal Tendencies	Orc	GMAN	new	Europe/London
Randomus Namus	Hausdorff's Homewreckers	Chaos Dwarf	REL	staying	America/New_York
--Atl--	Not FDA Approved	High Elf	REL	staying	America/Chicago
A_Velociraptor	Rebellious Scions	Dark Elf	REL	staying	America/Chicago
Archxl	Not An Anime Sports Team	High Elf	REL	staying	America/Los_Angeles
Arkangell7	Arkangell's Will	Wood Elf	REL	staying	Etc/GMT-4
AverageRice	The AverageRice Joe's	Lizardman	REL	staying	America/Chicago
BigChuck	The Punanimals	Dark Elf	REL	staying	America/Chicago
Bryan506	Mount the Tetons	Orc	REL	staying	America/Chicago
Bussunda	Cantakerous Cretaceans	Lizardman	REL	staying	America/Sao_Paulo
Buzzard295	The Bad QB Squad	Underworld	REL	staying	America/New_York
cakengrad	The Mesozoic Mighty Men	Lizardman	REL	staying	America/Toronto
Captain Bubsy	Friendship is Massacre	Undead	REL	staying	America/Los_Angeles
captinduce	Star-Struck	Human	REL	staying	America/Los_Angeles
Chabxxu	The Farm Animals	Chaos	REL	staying	America/Toronto
CHAOSTIME	Respectable Gents	Chaos	REL	staying	America/New_York
CRBoyz	C.R.Boyz Giant Stags	Wood Elf	REL	staying	America/Chicago
Cunningfoxpup	Werewolf of Wall Street	Necromantic	REL	staying	America/Chicago
Daerkannon	Khamun Konsulting	Khemri	REL	staying	America/Los_Angeles
Daffo97	Frosting & Filling	Norse	REL	staying	America/Montreal
DireSickFish	BioWare for Life	Vampire	REL	staying	America/Chicago
Dranar	Dead Wrestler's Society	Lizardman	REL	staying	America/New_York
dsharpe356	Frozen, Dead North	Necromantic	REL	staying	America/Toronto
Duuberman	Live Tree or Die Hard	Wood Elf	REL	staying	America/Chicago
Dwiggs	The Rock and Sock'ems	Dark Elf	REL	staying	America/Los_Angeles
Fall	Fallen Wonders	Amazon	REL	staying	America/Los_Angeles
Furril	Economy of Scale	Lizardman	REL	staying	America/Chicago
Galactic	The Rotterhood	Nurgle	REL	staying	America/Denver
Gamba	Gamba's Gals	Amazon	REL	staying	America/Chicago
Gengar	Iron Madden	Khemri	REL	staying	Europe/Brussels
GetShiggyWithIt	Eat, Prey, Shove	Vampire	REL	staying	America/Chicago
Ghazgkull	YOU Worship Chaos	Norse	REL	staying	America/Denver
Golg0than	Ratz Off To Ya	Skaven	REL	staying	America/Chicago
Havokk	Big Green Weenies	Orc	REL	staying	America/New_York
He Roto Su Cara	The Norse Unleashed	Norse	REL	staying	America/Chicago
Highlord Salt	Nurgle's FTDs	Nurgle	REL	staying	America/New_York
Holes	Film Flayers	Necromantic	REL	staying	America/New_York
Horney Cricket	Necronomics	Necromantic	REL	staying	America/Los_Angeles
Iron Master	Yhetee to Conquer	Norse	REL	staying	America/New_York
IsenMike	Great Cold Ones [REBBL]	Norse	REL	staying	America/New_York
Jimmy Burrito	Thick Rich and Creamy	Necromantic	REL	staying	America/New_York
Kallisti Maya	Lords of Decay	Skaven	REL	staying	America/Toronto
Kaosubaloo	The Three Mountains	Dwarf	REL	staying	America/Vancouver
Khalerick	Battle Brothers	Bretonnian	REL	staying	America/Chicago
Kiwibird44	LizardBeasts	Lizardman	REL	staying	America/New_York
kleptoknight516	Flyboys	Human	REL	staying	America/Chicago
LazarusDigz	The Grody Greens	Nurgle	REL	staying	America/Vancouver
littlebits	Mamals Of Unuasual Size	Amazon	REL	staying	America/Denver
Luke4444	Wood United	Wood Elf	REL	staying	America/Montreal
Luminous	Pastry Pests	Skaven	REL	staying	America/Los_Angeles
michaels	Tooth And Fist	Necromantic	REL	staying	America/Denver
Monaker	Drakwald Daylaborers	Human	REL	staying	America/New_York
Motleee	The Booze Cruise	Dwarf	REL	staying	America/Los_Angeles
MrChristie	Flinging Fun	Halfling	REL	staying	America/Vancouver
Mystaes	The Elements Of Style	Wood Elf	REL	staying	America/Toronto
NegativePro	MysteryScienceGoats3k	Chaos	REL	staying	America/Los_Angeles
Notforscience	Felwithe's Koada'Dal	High Elf	REL	staying	America/Los_Angeles
orabbi	REBBL Rage Quit	Chaos Dwarf	REL	staying	America/Chicago
oRevert	Cogs of War IV	Dwarf	REL	staying	America/Toronto
Ornan	New Year Norse	Norse	REL	staying	America/New_York
Pigsofa	Oil Miners	Dwarf	REL	staying	America/Edmonton
qix96	Ace Trucking Co.	Chaos Dwarf	REL	staying	America/Los_Angeles
rex longbone	One Cheese	Skaven	REL	staying	America/Indiana/Indianapolis
Rocklobstrocity	Crawdad Zydeco Experience	Human	REL	staying	America/New_York
Rollingred	Fogmire Fenbeasts	Lizardman	REL	staying	America/Denver
Rusty Seabutter	Da Secret of My Success	Orc	REL	staying	America/New_York
Saace	AnimalFarm	Chaos	REL	staying	America/New_York
shaselbob	Broken Boyz	Khemri	REL	staying	America/New_York
SoulOfDragnsFire	Pro-in a Party	Elf Union	REL	staying	America/New_York
Spacelion	Jazz Poison	Underworld	REL	staying	America/New_York
Spirit Crusher	Rottingham Rockers	Nurgle	REL	staying	America/Vancouver
Spoonybard	Mutants In Human Clothing	Underworld	REL	staying	America/Anchorage
Sslo	Armor Furnace	Chaos	REL	staying	America/Denver
Stoobings	Straight Up Flatulence	Chaos	REL	staying	America/Chicago
Stouticus	Grungy Desserts	Nurgle	REL	staying	America/New_York
strategiccheese	cheesetactics mk.II	Orc	REL	staying	America/Chicago
sunhawk	Nightmare on Elf Street	dark elf	REL	staying	America/New_York
Tencoin	Khorne's Glory	Chaos	REL	staying	America/New_York
The_Red_Joker	Fear_And_Bloating	Nurgle	REL	staying	America/Los_Angeles
therealdenizen	The Fat Earthers	Ogre	REL	staying	America/Anchorage
Thessa	Le Gland Bleu	Wood Elf	REL	staying	America/New_York
timneilson	things dwarves hate	Dwarf	REL	staying	America/New_York
tommytootall	Rotting Snatchs	Nurgle	REL	staying	America/Los_Angeles
Travelscrabble	Scooby and the Gang	Necromantic	REL	staying	America/Toronto
tself55	Pantheon Passers	Elf Union	REL	staying	America/New_York
Tsukari	You're a lizard, 'Arry!	Lizardman	REL	staying	America/Chicago
Uber The Noober	High Fivers	Necromantic	REL	staying	America/Toronto
UnseenWalker	RAGE DORF	Dwarf	REL	staying	America/Mexico_City
Vaporgecko	Castlevania Creeps	Vampire	REL	staying	America/Los_Angeles
Voltron	Doom Anvils	Chaos Dwarf	REL	staying	America/New_York
Waeve	Skinky Island Boiz	Lizardman	REL	staying	America/New_York
Walkingcarpet	Sugar 'n Spite	Dark Elf	REL	staying	America/Los_Angeles
wolframajax	ThunderStrike	Chaos Dwarf	REL	staying	America/Chicago
Zeazetta	Ars Goatia	Chaos	REL	staying	America/New_York
AGrain	Dead Elves Passing	High Elf	REL	rerolling	America/Chicago
Atomex	The Rowdy REBBL Rousers	Nurgle	REL	rerolling	America/New_York
Awesomedude54	Shiners Shooting Stars	Halfling	REL	rerolling	America/Regina
Dick_Delaware	INVICTA [REBBL]	Nurgle	REL	rerolling	America/New_York
Grey Wusker	Another Bloody Bell	Skaven	REL	rerolling	Canada/Mountain
grrzoot	Castle Anthrax	Amazon	REL	rerolling	America/Chicago
Gypsy Prince	Dad Approved Boyfriends	Underworld	REL	rerolling	America/Chicago
Hindy	Festering Sores	Skaven	REL	rerolling	America/Indianapolis
Jeoff7733	Foul Targets	Wood Elf	REL	rerolling	America/Phoenix
Larkstar	Ménage à Trees	Halfling	REL	rerolling	America/Los_Angeles
Nocternal	California Love	Human	REL	rerolling	America/Los_Angeles
One30	Conquering Your Fears	High Elf	REL	rerolling	America/Los_Angeles
OurNameIsLegion	Morkz Mashaz	Orc	REL	rerolling	America/Toronto
Randomaxomus	Squeeky Blinders	Skaven	REL	rerolling	America/New_York
Ravenpoe	Az-Karak Axegrinders	Dwarf	REL	rerolling	America/New_York
RK Blaze	First & Forsaken Lions	High Elf	REL	rerolling	America/Chicago
rumblebee	Starry Blight	Chaos	REL	rerolling	America/Chicago
Sir Kodiak	Raw Fists	Orc	REL	rerolling	America/New_York
Spicasaurus	RaBBL Leader People	Amazon	REL	rerolling	America/New_York
Superfedtv	Reality Kings	Kislev	REL	rerolling	America/Los_Angeles
TheDrunkernaut	The Tolerant Left	Amazon	REL	rerolling	America/Los_Angeles
wedge22	East End Geezers	Chaos Dwarf	REL	rerolling	America/Vancouver
Yayo	Ye Olde Guard	Nurgle	REL	rerolling	America/Chicago
Arbre	Bambino's Rebellion	Skaven	REL	new	America/Chicago
Ass Sucker	Honest ta Gob	Goblin	REL	new	America/New_York
Azshanola	Mighty Morphin Dinosaurs	Lizardman	REL	new	America/Los_Angeles
Baxerk	Infernal Rage	Chaos	REL	new	America/Los_Angeles
Casele Overfelt	Night's Lovers	Dark Elf	REL	new	America/Los_Angeles
Chef Wu	Hufflepuff Heroes	Khemri	REL	new	America/Chicago
Chowshawk	Famous Wizards	High Elf	REL	new	America/New_York
Chupey	No Elf's Sky	High Elf	REL	new	Europe/London
Crown Jelly	Oath Blow	Norse	REL	new	America/Vancouver
Darth Hidious	Calcilators	Undead	REL	new	America/New_York
Dooof	The Authorcs	Orc	REL	new	America/Los_Angeles
DrSpagooters	Mordheim Crypt Horrors	Undead	REL	new	America/Chicago
EnRuins	Lee's Rebbls	Human	REL	new	US/Eastern
Ghazghull	The Great Horned Hats	Skaven	REL	new	Europe/Helsinki
Goreshde	Knights of Tea	Bretonnia	REL	new	America/Los_Angeles
GreyDragoon	Cupcake Crushers	Halfling	REL	new	America/New_York
Grindul	Safety Hazards	Underworld	REL	new	America/New_York
Hairy Coo	Common Nightmares	Necromantic	REL	new	US/Pacific
JasperSaurusRex	With a REBBL Yell	Undead	REL	new	America/Indiana/Indianapolis
Kaldor Ditka	Empire of the Chads	Ogre	REL	new	America/Los_Angeles
KingoftheCosmos	Adventuring Elites	Undead	REL	new	America/Chicago
Koloski	Serpent Lords	Dark Elf	REL	new	America/Chicago
Lembocha	Naggaroth Night Wings	Dark Elf	REL	new	America/Montevideo
Locus Cosecant	Hierarchy	Bretonnia	REL	new	America/New_York
Lord Teitan	The Sons of Sam	Orc	REL	new	America/Mexico_City
McMacky	Khemri Do It? Yes We Can!	Khemri	REL	new	America/Los_Angeles
Mynimo1	Horn Stars MMXVIII	Chaos	REL	new	America/New_York
Newkidd	Newkidd circus	Kislev	REL	new	America/Kentucky/Louisville
NotNiloc	Scaled Measures	Lizardman	REL	new	America/New_York
PDXBosco	Stumpforce	Dwarf	REL	new	America/Los_Angeles
Pimple Jams	A Few Ornery Onanists	Pro Elf	REL	new	America/New_York
Poetic	Count on us	Vampire	REL	new	America/New_York
Professor Chaos	Greenskin Brawlers	Orc	REL	new	America/New_York
ProZocK	Bouner Boys	Khemri	REL	new	America/Toronto
Pwnazaurus	Slytherin!	Necromantic	REL	new	America/Toronto
Queen Elizabeth	Elves Behaving Badly	Dark Elf	REL	new	America/New_York
Razzle Storm	Rats Against Teen Stars	Skaven	REL	new	America/Los_Angeles
rental747	Jonestown Journeymen	Pro Elf	REL	new	America/New_York
ReverendRadio	Pure-Bred Patricians	High Elf	REL	new	America/Los_Angeles
Sathilicious	Lunar Cats	Amazon	REL	new	America/Vancouver
scambammer	Red Runt Rage	Halfling	REL	new	America/Toronto
Shadorra	Street Sharkss	Lizardman	REL	new	America/Montreal
Sinister	The Nighthaunt	Undead	REL	new	America/Edmonton
Sir Willis III	Royaltons Circus	Kislev	REL	new	America/Chicago
Steakmittens	Gotta Catch Em AIl	Nurgle	REL	new	America/Halifax
Steer	Charlestown Chiefs	Lizardman	REL	new	America/Edmonton
thecolorplaid	Durin's Dastardly Dudes	Dwarf	REL	new	America/New_York
titipa	hell orcs	Orc	REL	new	America/Sao_Paulo
Troukk	The Torture Club	Nurgle	REL	new	America/Santiago
VulpesInculta	Boss Hawg Outlaws	Chaos Dwarf	REL	new	America/Chicago
Wabbajacked	Best Served Cold	Vampire	REL	new	America/Detroit
Warthog0011	Warthog's Whelps	Orc	REL	new	America/Indiana/Indianapolis
WeeknightWizard	Sugar n' Spikes	Orc	REL	new	America/Toronto
XaveValor	Neither Friend Nor Foe	Underworld	REL	new	America/Chicago
Zimm	Gigolo House	Wood Elf	REL	new	America/Winnipeg